topic,articles,strength,degree_centrality,betweenness,closeness
Religion,2,4,0.045454545454545456,0.0,0.5401850309115623
Zohran Mamdani,4,6,0.05681818181818182,0.0005224660397074191,0.5576599023519078
Health,5,9,0.06818181818181818,0.016174677812608843,0.5528600335066688
Iowa,4,29,0.26136363636363635,0.005137582723789621,0.8907848595495462
Jeffrey Epstein,3,21,0.2272727272727273,0.0,0.8009748188221993
Ken Paxton,4,5,0.03409090909090909,0.0,0.8423643636115005
Texas,12,34,0.20454545454545456,0.04292929292929293,1.1638562184119783
Alaska,6,12,0.10227272727272728,0.00013061650992685477,0.8162314743803383
US Congress,49,152,0.6477272727272727,0.6046630094043888,1.4126893949265351
US Senate,32,91,0.4090909090909091,0.23149599442702898,1.3700605905387098
AI (artificial intelligence),6,29,0.2727272727272727,0.01654475792406827,1.0064325436953772
Abortion,2,18,0.20454545454545456,0.00010449320794148382,0.6347773883975449
Datacenters – US,2,21,0.2272727272727273,0.0,0.7089268884271906
Florida,12,48,0.36363636363636365,0.0670672239637757,1.1072076341116683
ICE (US Immigration and Customs Enforcement),6,29,0.25,0.0023075583420411007,0.8967331967294468
Inflation,3,28,0.2840909090909091,0.00023946360153256706,0.8188989700315127
Michigan,13,39,0.32954545454545453,0.06983194009056079,1.0891964443587143
Minnesota,5,26,0.25,0.0009796238244514106,0.7789460776800219
Montana,3,28,0.25,0.00028300243817485195,0.8848138084579199
Nebraska,2,20,0.2272727272727273,0.0,0.6574874586401963
Ohio,7,38,0.36363636363636365,0.019039533263671193,0.9238288816957766
Trump tariffs,3,27,0.3068181818181818,0.00034831069313827936,0.6833641768315742
US economy,9,46,0.3522727272727273,0.018699930337861374,1.0851829658091026
US immigration,4,28,0.25,0.0005224660397074191,0.8876875277020253
US-Israel war on Iran,22,75,0.38636363636363635,0.2512713340299548,1.2697203123706844
Wisconsin,5,28,0.25,0.007314524555903868,0.860478135122751
Democratic socialism,5,6,0.05681818181818182,0.0,0.7224150154856522
South Carolina,12,28,0.20454545454545456,0.11341431556948801,1.0919756336015638
Arizona,2,2,0.022727272727272728,0.0,0.5273740002127347
California,14,35,0.25,0.06657088122605365,1.0842785477878913
Philadelphia,2,3,0.03409090909090909,0.00026123301985370953,0.5329634819861334
New York,5,7,0.06818181818181818,0.0005224660397074191,0.5588403677492917
Race,5,13,0.125,0.00034831069313827936,0.8504967820821652
House of Representatives,28,98,0.48863636363636365,0.02240073145245559,1.356255618956755
Pete Hegseth,3,12,0.11363636363636365,0.0,0.8514407959011215
Strait of Hormuz,3,12,0.10227272727272728,0.0,0.8951586002358105
Law (US),7,21,0.14772727272727273,0.00034831069313827936,0.9834483342505179
US supreme court,20,55,0.34090909090909094,0.17719000348310693,1.1627744021461677
US voting rights,24,49,0.25,0.0956765935214211,1.2243330778624162
Iran,9,35,0.25,0.00018286311389759666,1.0827985612756226
Middle East and north Africa,4,20,0.11363636363636365,0.0,0.9135173879730092
US domestic policy,3,6,0.045454545454545456,0.0,0.783237152905208
US foreign policy,10,34,0.23863636363636365,0.00398380355276907,1.0707217284929278
US constitution and civil liberties,5,16,0.11363636363636365,0.0,0.9407485309481407
Missouri,5,22,0.18181818181818182,0.004571577847439917,0.7860234148208797
Election interference,5,14,0.07954545454545454,0.0,0.9882917473409398
Business,5,15,0.13636363636363635,0.0028169627307558344,0.7980347491370625
US unions,3,5,0.03409090909090909,8.707767328456984e-05,0.6419184291818998
Wyoming,2,6,0.045454545454545456,0.0,0.7175128480262043
Pennsylvania,4,5,0.05681818181818182,0.0005224660397074191,0.5982553827680791
Israel,3,15,0.125,0.0005224660397074191,0.8515344207907104
Doctors,3,10,0.07954545454545454,0.022635841170323943,0.7267449135363747
North Carolina,3,17,0.17045454545454547,0.0,0.8394207303224631
US Postal Service,3,10,0.06818181818181818,0.0,0.8759775188178093
Boston,2,3,0.03409090909090909,0.0,0.5621475429896443
Mike Johnson,2,9,0.07954545454545454,0.0,0.8400885217243964
Antisemitism,3,11,0.09090909090909091,0.00019592476489028215,0.8479689812212496
Nevada,2,8,0.09090909090909091,0.0,0.6164623467600702
Canada,2,6,0.05681818181818182,0.0,0.7452207058297352
Washington DC,5,15,0.13636363636363635,0.0001088470916057123,0.9846058464604831
Hakeem Jeffries,2,13,0.13636363636363635,0.0,0.8390872325868656
Indiana,2,13,0.13636363636363635,8.707767328456984e-05,0.7530332202561041
Utah,3,15,0.17045454545454547,0.0,0.6432514449266583
Virginia,5,22,0.17045454545454547,0.00026123301985370953,0.8678111972746424
Economics,4,16,0.11363636363636365,0.0,0.973303344533249
Federal Reserve,2,11,0.10227272727272728,0.0,0.7776788421277134
China,4,9,0.10227272727272728,0.0,0.6179531063330469
Maine,4,9,0.10227272727272728,0.00013061650992685477,0.6258148631029986
Georgia,5,14,0.09090909090909091,0.0022640195053988156,1.0422183541788963
Jon Ossoff,2,7,0.05681818181818182,0.0,0.8219959118562234
Louisiana,2,5,0.05681818181818182,0.0,0.6088811643863826
US political financing,3,3,0.03409090909090909,0.0,0.596162686603276
Kansas,2,8,0.045454545454545456,0.0,0.7205176327975883
Washington state,2,8,0.045454545454545456,0.0,0.7205176327975883
Robert F Kennedy Jr,4,11,0.09090909090909091,0.0006966213862765587,0.626477841905876
US healthcare,3,10,0.09090909090909091,0.0006051898293277603,0.7237563552985744
US military,3,11,0.125,0.0,0.6155998600909409
Alabama,3,9,0.10227272727272728,0.0,0.5797510646808313
Press freedom,2,11,0.10227272727272728,0.0,0.8392301277340619
Kentucky,3,6,0.06818181818181818,0.0,0.6052012834625804
Society,2,4,0.03409090909090909,0.0,0.434198469369229
Bernie Sanders,2,4,0.045454545454545456,0.0,0.5621592023910018
New Jersey,3,11,0.06818181818181818,0.0,0.8588058973197169
JD Vance,4,6,0.06818181818181818,0.0,0.6011186697795042
Vaccines and immunisation,2,6,0.06818181818181818,0.0,0.5423034290127534
Gavin Newsom,2,3,0.022727272727272728,0.0,0.7059203478206515
Steve Bannon,2,4,0.045454545454545456,0.0,0.5562407777191749
Media,4,4,0.045454545454545456,0.0,0.5715719705357011
Marjorie Taylor Greene,2,3,0.03409090909090909,0.0,0.5682764057523728
